{
    "mean_dsc": 0.9741494184732438,
    "mean_asd": 0.5424410450458527,
    "mean_hd": 23.73576466560364,
    "mean_sd": 0.7899412937809402,
    "mean_cd": 0.0022407052489143097,
    "mean_ane": 0.11009490668773651,
    "mean_anld": 0.27229326784610747
}