{
    "mean_dsc": 0.7164566347002983,
    "mean_asd": 6.720247573852539,
    "mean_hd": 73.75251113891602,
    "mean_sd": 0.22694984997489712,
    "mean_cd": 0.08213452853262425,
    "mean_ane": 0.0,
    "mean_anld": 0.2805702579021454
}